{
  "dataset": "eval_set_static_stratified60_20260614.jsonl",
  "sample_count": 60,
  "exact": {
    "0.6B/1024": {
      "dimension": 1024,
      "hit@5": 1.0,
      "recall@5": 0.8819444444444444,
      "recall@10": 0.9694444444444444,
      "mrr@10": 0.9472222222222223,
      "ndcg@10": 0.899306725011754,
      "query_p50_ms": 99.72829998878296,
      "query_p95_ms": 184.50795001117484,
      "error_rate": 0.0
    },
    "4B/1024": {
      "dimension": 1024,
      "hit@5": 1.0,
      "recall@5": 0.8708333333333333,
      "recall@10": 0.9333333333333333,
      "mrr@10": 0.9194444444444444,
      "ndcg@10": 0.8686338065451636,
      "query_p50_ms": 99.71169999334961,
      "query_p95_ms": 123.66555999615214,
      "error_rate": 0.0
    },
    "8B/1024": {
      "dimension": 1024,
      "hit@5": 0.9833333333333333,
      "recall@5": 0.8569444444444444,
      "recall@10": 0.9388888888888889,
      "mrr@10": 0.9333333333333333,
      "ndcg@10": 0.8740746910935627,
      "query_p50_ms": 151.83684999647085,
      "query_p95_ms": 4073.6557400188744,
      "error_rate": 0.0
    }
  },
  "gold": {
    "0.6B/1024": {
      "hit@1": 0.7833,
      "recall@1": 0.4667,
      "hit@3": 0.95,
      "recall@3": 0.7125,
      "hit@5": 1.0,
      "recall@5": 0.8153,
      "hit@10": 1.0,
      "recall@10": 0.8153,
      "mrr@10": 0.8728,
      "latency_p50_ms": 423.1,
      "latency_p95_ms": 543.8,
      "error_rate": 0.0,
      "sample_count": 60
    },
    "4B/1024": {
      "hit@1": 0.7833,
      "recall@1": 0.4667,
      "hit@3": 0.95,
      "recall@3": 0.7083,
      "hit@5": 0.9667,
      "recall@5": 0.8167,
      "hit@10": 0.9667,
      "recall@10": 0.8167,
      "mrr@10": 0.8653,
      "latency_p50_ms": 448.8,
      "latency_p95_ms": 879.2,
      "error_rate": 0.0,
      "sample_count": 60
    },
    "8B/1536": {
      "hit@1": 0.8,
      "recall@1": 0.4708,
      "hit@3": 0.95,
      "recall@3": 0.7083,
      "hit@5": 0.95,
      "recall@5": 0.8139,
      "hit@10": 0.95,
      "recall@10": 0.8139,
      "mrr@10": 0.8722,
      "latency_p50_ms": 956.5,
      "latency_p95_ms": 4585.0,
      "error_rate": 0.0,
      "sample_count": 60
    }
  },
  "real": {
    "0.6B/1024": {
      "intent_top1": 0.9,
      "hit@5": 0.9833333333333333,
      "recall@5": 0.8055555555555556,
      "mrr@10": 0.8616666666666667,
      "ttft_p50_ms": 5690.0,
      "ttft_p95_ms": 8052.0,
      "total_mean_ms": 8201.016666666666,
      "total_p95_ms": 10849.0
    },
    "4B/1024": {
      "intent_top1": 0.9166666666666666,
      "hit@5": 0.95,
      "recall@5": 0.8,
      "mrr@10": 0.8547222222222223,
      "ttft_p50_ms": 5739.0,
      "ttft_p95_ms": 7228.0,
      "total_mean_ms": 8241.4,
      "total_p95_ms": 10782.0
    },
    "8B/1536": {
      "intent_top1": 0.9166666666666666,
      "hit@5": 0.9333333333333333,
      "recall@5": 0.7930555555555556,
      "mrr@10": 0.8638888888888889,
      "ttft_p50_ms": 6391.0,
      "ttft_p95_ms": 11598.0,
      "total_mean_ms": 9518.233333333334,
      "total_p95_ms": 14111.0
    }
  },
  "paired_bootstrap_base_06b": {
    "exact:0.6B/1024-4B/1024": {
      "hit5": {
        "mean_delta": 0.0,
        "ci95_low": 0.0,
        "ci95_high": 0.0
      },
      "recall5": {
        "mean_delta": 0.011111111111111112,
        "ci95_low": -0.019444444444444448,
        "ci95_high": 0.04166666666666668
      },
      "mrr10": {
        "mean_delta": 0.02777777777777778,
        "ci95_low": -0.008333333333333333,
        "ci95_high": 0.06944444444444443
      }
    },
    "exact:0.6B/1024-8B/1024": {
      "hit5": {
        "mean_delta": 0.016666666666666666,
        "ci95_low": 0.0,
        "ci95_high": 0.05
      },
      "recall5": {
        "mean_delta": 0.024999999999999998,
        "ci95_low": -0.009722222222222224,
        "ci95_high": 0.0638888888888889
      },
      "mrr10": {
        "mean_delta": 0.013888888888888892,
        "ci95_low": -0.027777777777777776,
        "ci95_high": 0.05833333333333334
      }
    },
    "gold:0.6B/1024-4B/1024": {
      "hit5": {
        "mean_delta": 0.03333333333333333,
        "ci95_low": 0.0,
        "ci95_high": 0.08333333333333333
      },
      "recall5": {
        "mean_delta": -0.0013888888888888905,
        "ci95_low": -0.026388888888888892,
        "ci95_high": 0.02638888888888889
      },
      "mrr10": {
        "mean_delta": 0.007500000000000001,
        "ci95_low": -0.002777777777777777,
        "ci95_high": 0.02222222222222222
      }
    },
    "real:0.6B/1024-4B/1024": {
      "hit5": {
        "mean_delta": 0.03333333333333333,
        "ci95_low": 0.0,
        "ci95_high": 0.08333333333333333
      },
      "recall5": {
        "mean_delta": 0.005555555555555555,
        "ci95_low": -0.019444444444444445,
        "ci95_high": 0.030555555555555555
      },
      "mrr10": {
        "mean_delta": 0.006944444444444444,
        "ci95_low": -0.005555555555555556,
        "ci95_high": 0.023611111111111107
      }
    },
    "gold:0.6B/1024-8B/1536": {
      "hit5": {
        "mean_delta": 0.05,
        "ci95_low": 0.0,
        "ci95_high": 0.11666666666666667
      },
      "recall5": {
        "mean_delta": 0.0013888888888888876,
        "ci95_low": -0.030555555555555558,
        "ci95_high": 0.03611111111111111
      },
      "mrr10": {
        "mean_delta": 0.0005555555555555554,
        "ci95_low": -0.03333333333333333,
        "ci95_high": 0.02611111111111111
      }
    },
    "real:0.6B/1024-8B/1536": {
      "hit5": {
        "mean_delta": 0.05,
        "ci95_low": 0.0,
        "ci95_high": 0.11666666666666667
      },
      "recall5": {
        "mean_delta": 0.0125,
        "ci95_low": -0.02222222222222223,
        "ci95_high": 0.05
      },
      "mrr10": {
        "mean_delta": -0.0022222222222222227,
        "ci95_low": -0.036111111111111115,
        "ci95_high": 0.02333333333333333
      }
    }
  },
  "misses": {
    "gold:0.6B/1024": [],
    "gold:4B/1024": [
      "S9-07",
      "F3-03"
    ],
    "gold:8B/1536": [
      "S5-04",
      "S9-07",
      "F3-03"
    ],
    "real:0.6B/1024": [
      "S10-02"
    ],
    "real:4B/1024": [
      "S9-07",
      "S10-02",
      "F3-03"
    ],
    "real:8B/1536": [
      "S5-04",
      "S9-07",
      "S10-02",
      "F3-03"
    ]
  },
  "trace_8b": {
    "vector_intent_search_p95_ms": 5030,
    "keyword_p95_ms": 7,
    "rerank_p95_ms": 339,
    "retrieval_p95_ms": 5340
  }
}
